<beans xmlns="http://www.springframework.org/schema/beans"
       xmlns:xsi="http://www.w3.org/2001/XMLSchema-instance"
       xsi:schemaLocation="http://www.springframework.org/schema/beans http://www.springframework.org/schema/beans/spring-beans.xsd">

<!--    User bean-->
    <bean id="myUser" class="com.codingNinjas.Bank.Account.Registration.myUser">
        <property name="name" value=""/>
    </bean>

<!--    Account Beans-->
    <bean id="currentAccount" class="com.codingNinjas.Bank.Account.Registration.currentAccount" scope="prototype">
        <property name="balance"  value="0.0"/>
    </bean>
    <bean id="savingsAccount" class="com.codingNinjas.Bank.Account.Registration.savingsAccount" scope="prototype">
        <property name="balance" value="0.0"/>
    </bean>

</beans>